Sequence,Vote_fraction,Is_pred_AMP
AFFARLLASVRAAVKAFAKKPRLIGLSTLL,0.9999999999999998,1
AGKKTIRQYLKNKIKKKWRKAVIAW,0.9999999999999998,1
AGLQFPVGRIGRLLRK,0.9999999999999998,1
AGRGKQGGKVRAKAKTRSSRAGLQFPVGRVHRLLRKGNY,0.9999999999999998,1
AGWGSIFKHIFKAGKFIHGAIQAHND,0.9999999999999998,1
AIHKLAHKLLKKLLKAVKKLAK,0.9999999999999998,1
AIRRWRIRK,0.9999999999999998,1
AIVVGGVMLGIIAGKNSGVDEAFFVLKQHHVEYGSDHRFEAD,0.9999999999999998,1
AKHQGLPQE,0.9999999999999998,1
AKIPIKAIKTVGKAVGKGLRAINIASTANDVFNFLKPKKRKH,0.9999999999999998,1
AKKVFKRLEKSFSKIQNDK,0.9999999999999998,1
AKKVFKRLPKLFSKIWNWK,0.9999999999999998,1
ALLLAIRKR,0.9999999999999998,1
ALWHHLLHHLLHSAHHLG,0.9999999999999998,1
ALWKDILKNVGKAAGKAVLNTVTDMVNQ,0.9999999999999998,1
ALWKNMLKGIGK,0.9999999999999998,1
ALWLAIRRR,0.9999999999999998,1
ALWMTLLKKVLKAAAK,0.9999999999999998,1
ALWMTLLKKVLKAAAKAALDAVLVGANA,0.9999999999999998,1
ALWMTLLKKVLKAAAKAALNAVLVGANA,0.9999999999999998,1
ALYKRLFKKLKKF,0.9999999999999998,1
APRKNVKW,0.9999999999999998,1
AQWFAIQHISLNPPRSTIAMRAINNYRWR,0.5714285714285714,0
ARNFGKEFTPVLQADFQKVVAGVANALAHRYH,0.9999999999999998,1
AWKEKIRQYLKNEIKKKWRKAVIAW,0.857142857142857,1
AWKKTIRQYLKNKIKKKGRKAVIAW,0.9999999999999998,1
AWLDKLKSLGKVVGKVALGVAQNYLNPQQ,0.9999999999999998,1
AWLLAIRRR,0.9999999999999998,1
DAEFRHDSGYEVRHQKLVFFAEDVGSNKGAIIGLMVGGVVIA,0.857142857142857,1
DAHGLLKRIKTLL,0.9999999999999998,1
DANVENGEDAEDLTDKFIGLMG,0.0,0
DDALKHLLKHLLKHL,0.9999999999999998,1
DDALRHLLRHLLRHL,0.857142857142857,1
DGRGKQGGKVRAKAKTRSS,0.5714285714285714,0
DTGPIRRPKPRPRPRPE,0.9999999999999998,1
EKALEKLIAIQKAIKGMLNGWFTGVGFRRKR,0.857142857142857,1
ENMFNIKSSVESDSFWG,0.2857142857142857,0
EWFKARRWGWRMKKLQA,0.9999999999999998,1
FAGAAFKALSKLL,0.9999999999999998,1
FAKLLAKALKKLL,0.9999999999999998,1
FDLLGLVKSVVSAL,0.857142857142857,1
FFAAIFAPIVHVGKTIHRLVTG,0.9999999999999998,1
FFGSLLSLGSKLLPSVFKLFQRKKE,0.9999999999999998,1
FFHHAFRGIVHVGKTIHRLVTG,0.9999999999999998,1
FFHHIFRGAVHVGKTIHRLVTG,0.9999999999999998,1
FFHHIFRGIVHVGKKIHRLVKG,0.9999999999999998,1
FFHHIFRGIVHVGKTAHRLVTG,0.9999999999999998,1
FFHHIKRGIKHVGKTIHRLVTG,0.9999999999999998,1
FFKKFWGGVKAIFKGARKGWK,0.9999999999999998,1
FFPLLFGALSSHLPKLF,0.9999999999999998,1
FFRHIKSFWKGAKAIFRGARQG,0.7142857142857142,0
FFTPVLQADFQKVVAGVANALAHRYH,0.9999999999999998,1
FHEAIAPVVHAAVKALVGFLG,0.9999999999999998,1
FHFHLHFSATFIKHFIHRF,0.857142857142857,1
FIFHIIKGLFHAGKMIHGLVTRRRH,0.9999999999999998,1
FIGGLRRLFATVVGTVVGAINKLGGG,0.9999999999999998,1
FIKWKFRWWKWRK,0.9999999999999998,1
FINKAGKLQSQLRTTVVAAAAFLDAFQKVA,0.857142857142857,1
FKAFRWAWRWKKLAAPS,0.9999999999999998,1
FKARLWQWRM,0.5714285714285714,0
FKKALHLFKPIKKFLKWK,0.9999999999999998,1
FKQFHFKDFNRAFGFMTRVALQAEKL,0.14285714285714285,0
FLALIGRVLSGIL,0.9999999999999998,1
FLFKLIPKAIKGLVKAIRK,0.9999999999999998,1
FLFSLIPHAIGGLISAFK,0.9999999999999998,1
FLFSLIPSAISGLISAF,0.9999999999999998,1
FLGAIAAALPHVINAVTNAL,0.9999999999999998,1
FLGALFKALSKLV,0.9999999999999998,1
FLGALLGPLMNLLQ,0.9999999999999998,1
FLGALWNVWKSVF,0.9999999999999998,1
FLGELWNVAKSVF,0.9999999999999998,1
FLGFLFKVASK,0.9999999999999998,1
FLGGLIKWWPWRR,0.9999999999999998,1
FLGKVFKLASKVFPAVFKKV,0.9999999999999998,1
FLGVVFKGASKVFPAVFGKV,0.9999999999999998,1
FLGVVFKLASKVFGAVFKKV,0.9999999999999998,1
FLIIRRPIVLGLL,0.9999999999999998,1
FLKGIKGMLGKLF,0.9999999999999998,1
FLKGIVGMLGKLW,0.9999999999999998,1
FLPAALAGIGGILGKLF,0.9999999999999998,1
FLPGLLAGLL,0.9999999999999998,1
FLPIAGKLLSGLSGLL,0.9999999999999998,1
FLPIIGKLLSG,0.9999999999999998,1
FLPILGKLLSGIL,0.9999999999999998,1
FLPLAGRVLSGIL,0.9999999999999998,1
FLPLIGRVLAGIL,0.9999999999999998,1
FLPLIGRVLSGAL,0.9999999999999998,1
FLQHIIGALGHLF,0.9999999999999998,1
FLSLIPHAINAVGVHAKHF,0.9999999999999998,1
FLSLIPHAINAVSAIAKHN,0.9999999999999998,1
FLSMIPKIAGGIASLVKNL,0.9999999999999998,1
FLYIVAKLLSGLL,0.9999999999999998,1
FPLTWPTKWWKG,0.9999999999999998,1
FPVTWPTKWLKG,0.9999999999999998,1
FPVTWPTKWWKS,0.9999999999999998,1
FPVTWRWWTWWKG,0.9999999999999998,1
FRIRVRVKWKLFKKI,0.9999999999999998,1
FVDLKKIANIINSIFGK,0.857142857142857,1
FVPWFSKFLPRIL,0.9999999999999998,1
FVQWFSKFLGKIL,0.9999999999999998,1
FWGFLGKLAMKAVPSLIGGNKSSSK,0.9999999999999998,1
FWRIRKWR,0.9999999999999998,1
GANAAKKFATIAKKFINYLW,0.9999999999999998,1
GEFKKIVQKIKDFLKNLV,0.9999999999999998,1
GEKLKKIGKKIKNFFQKL,0.9999999999999998,1
GEKLKKIGQKIKNFFKKL,0.9999999999999998,1
GFFALIAKIISSPLFKTL,0.9999999999999998,1
GFFGKRKEYFKKFGASFKRRFANLKKRL,0.9999999999999998,1
GFGKAFHSVSNFAKKHKTA,0.42857142857142855,0
GFRDVLKGAAKAFVKTVAGHIANI,0.9999999999999998,1
GFSSIFRGVAKFASKGLGKDLAKLGVDLVASKISKQS,0.9999999999999998,1
GFWGKLWEGVKNAIKKK,0.9999999999999998,1
GFWGKLWEGVKSAI,0.9999999999999998,1
GFWSSALEGLKKFAKGGLEALTNPK,0.9999999999999998,1
GGHKLAKLAKKLAKLAK,0.9999999999999998,1
GGLKKLGKKLEGAGKRVFKASEKALPVVVGIKAIGK,0.9999999999999998,1
GIGAVLDVLTTGLPALISWIKRKRQQ,0.9999999999999998,1
GIGAVLLVLTTGLPALISWIKRKRQQ,0.9999999999999998,1
GIGGKILGGLKTALKGAAKELASTYLH,0.9999999999999998,1
GIGGKPVQTAFVDNDGIYD,0.0,0
GIGKFAHSAKKFGKAFVGEIMNS,0.9999999999999998,1
GIGKFLHSAKKFGKAFVGEIMNS,0.9999999999999998,1
GIGKFLHSAKKFGKAWVGEIMNS,0.9999999999999998,1
GIGSALAKAAKLVAGIV,0.9999999999999998,1
GIGSILGVIAKGLPTLISWIKNR,0.9999999999999998,1
GIGTKFLGGVKTALKGALKELAFTYVN,0.9999999999999998,1
GILDTLKQFAKGVGKDLVKGAAQGVLSTV,0.9999999999999998,1
GILGKLWEGVKSIF,0.9999999999999998,1
GILNTIKSIASKLKRKAK,0.9999999999999998,1
GILSSLWKKLKKWIAK,0.9999999999999998,1
GINTLKKVIQGLHEVIKLVSNHA,0.9999999999999998,1
GKIPVKAIKQAGKVIGKGLRAINIAGTTHDVVSFFRPKKKKH,0.9999999999999998,1
GKLQAFLAKMKEIAAQTL,0.9999999999999998,1
GKPRPYSPKPTSHPRPIRV,0.9999999999999998,1
GKWLSLLKHILK,0.9999999999999998,1
GKWMHLLKHILK,0.9999999999999998,1
GKWMKLLKHILK,0.9999999999999998,1
GLADFLNKAVGKVVDFVKS,0.9999999999999998,1
GLFDIIKKIAESF,0.9999999999999998,1
GLFDVIAKVASVIKKL,0.9999999999999998,1
GLFDVVIGGL,0.857142857142857,1
GLFEVIKKVASVIGGL,0.9999999999999998,1
GLFGVLAKVAAHVVPAIAEHF,0.9999999999999998,1
GLFKKLRRKIKKGFKKIFKRL,0.9999999999999998,1
GLFKVLGSVAKHLLPHVVPVIAEKL,0.9999999999999998,1
GLFLDTLKKFAKAGMEAVINPK,0.9999999999999998,1
GLFRRLRDSIRRGQQKILEKARRIGERIKDIFRG,0.9999999999999998,1
GLFSVLGAVAKHVLPHVVPVIAEKL,0.9999999999999998,1
GLFTLIKGAAKLIGKTVPKKQARLGMNLWLVKLPTNVKT,0.9999999999999998,1
GLHKVMREVLGYERNSYKKFFLR,0.857142857142857,1
GLKKIFKAGLGSLKKGIAAHVAS,0.9999999999999998,1
GLLDFVTGVGKDIFAQLIKQI,0.7142857142857142,0
GLLGGLLGPLLGGGGGGGGGLL,0.9999999999999998,1
GLLGPLLKIAAKVGKNLL,0.9999999999999998,1
GLLGPLLKIAKKVGSNLL,0.9999999999999998,1
GLLKRIKFLL,0.9999999999999998,1
GLLKRIKKLL,0.9999999999999998,1
GLLKRIKVLL,0.9999999999999998,1
GLLKWIKTLL,0.9999999999999998,1
GLLSRIKTLL,0.9999999999999998,1
GLLSVLGSVAKHVLPHVVPVIAEKL,0.9999999999999998,1
GLMSVLGHAVGNVLGGLFKPKS,0.9999999999999998,1
GLNALKKVFQGIHEAIKLINKHVQ,0.9999999999999998,1
GLPLLISWIKRKRQQ,0.9999999999999998,1
GLSALISWIKRKRQQ,0.9999999999999998,1
GLVKKIGKKIERVGQHTRDASIQAIGIAQQAANVAATARG,0.9999999999999998,1
GLVTGLLKTAGKLLGDLFGSLTG,0.9999999999999998,1
GLVTSLIKGAGKLLGGLFGSVTG,0.9999999999999998,1
GLWEKVKEKANELVSGIVEGVK,0.7142857142857142,0
GLWSKIKEVGKEAAKAAAKAAGK,0.9999999999999998,1
GLWSKIKEVGKEAAKAAAKAAGKAALGAVSEAV,0.9999999999999998,1
GLWSTIKNVGKEAAIAAGKAALGAL,0.9999999999999998,1
GMASKAGSVLGKLAKVAIGAL,0.9999999999999998,1
GMASKAGSVLGKVAKVALKAAL,0.9999999999999998,1
GMMKRIKTMM,0.9999999999999998,1
GMWKKILGKLIR,0.9999999999999998,1
GMWSKIKETAMAAAKEAAKAAGKTISDMIKQ,0.9999999999999998,1
GMWSKIKNAGKAAAKAAAKAAGKAALDAVSEAI,0.9999999999999998,1
GMWSKILGHLIR,0.9999999999999998,1
GMWSKILGPLIR,0.9999999999999998,1
GMWSKIPGHLIR,0.9999999999999998,1
GNGNLLGGLLRPVLGVVKGLTGGLGKK,0.9999999999999998,1
GNNRPVYLPQPRPPHPRI,0.9999999999999998,1
GRFRRLRKKTRKRLKKIGKV,0.9999999999999998,1
GRFRRLRKKTRKRLKKIGKVLKAI,0.9999999999999998,1
GRFRRLRKKTRKRLKKIGKVLKWI,0.9999999999999998,1
GRFRRLRKKTRKRLKKIGKVLKWIPPIVGSIPLG,0.9999999999999998,1
GRPNPVNNKPTPHPRPIRV,0.9999999999999998,1
GRRGPRRANQNGTRRRRRRT,0.9999999999999998,1
GRRPRPRPRPWWW,0.9999999999999998,1
GRRPRPRPRPWWWW,0.9999999999999998,1
GRRYKKFRWKFKGRWFWFG,0.9999999999999998,1
GVFDIIKDAGKQLVAHATGKIAEKV,0.9999999999999998,1
GVFGLLAKAALKGASKLIPHLLPSRQQ,0.9999999999999998,1
GVFRVLRKVTRVVLKVIGKVLKWI,0.9999999999999998,1
GVIDAAKKVVNVLKNLP,0.9999999999999998,1
GVIKSVLKGVAKTVALGML,0.857142857142857,1
GVLDILKGAAKDLAGH,0.9999999999999998,1
GVLSVIKNALPGIMRFIA,0.9999999999999998,1
GVVDILKGAAKDIAGALASKVMNKL,0.9999999999999998,1
GVVDILKGAAKDIAGHLASKVANKL,0.9999999999999998,1
GVVDILKGAAKDIAGHLASKVMNKA,0.9999999999999998,1
GVVDILKGAAKDIAGHLASKVMNKL,0.9999999999999998,1
GVVDILKGAAKDLAGHLATKVMNKL,0.9999999999999998,1
GVVPVVSVVGKVV,0.857142857142857,1
GVVTDLLKTAGKLLGNLFGSLSG,0.9999999999999998,1
GVVVRWGRVIVRGVRR,0.9999999999999998,1
GVWDWIKKTAGKIWNSEPVKALKSQALNAAKNFVAEKIGATPS,0.9999999999999998,1
GWASKIGQALGKVAKVGLQQFIQPK,0.9999999999999998,1
GWASKIGQTLGKMAKVGLQELIQPK,0.9999999999999998,1
GWFKKAWRKVKNAGRRVLKGVGIHYGVGLI,0.9999999999999998,1
GWGSIFKHGRHAAKHIGHAAVNHYL,0.9999999999999998,1
GWLKKIGKKIERVGQHTRDATIQTIGVAQQAANVAATLKG,0.9999999999999998,1
GWLPTFGKILRKAMQLGPKLIQPI,0.857142857142857,1
GYFPGRPPFPRPFPRPPSRPFPRPPFPGPFPRPYPWR,0.9999999999999998,1
GYGGHGGHGGHGGHGGHGGHGHGGGGHG,0.9999999999999998,1
GYKYINNIIKYINKFFKYIW,0.9999999999999998,1
HRWWRWWRR,0.9999999999999998,1
HSDAVFTDNYTRLRKQMAVKKYLNSILN,0.5714285714285714,0
HVDKKVADKVLLLKQLRIMRLLTRL,0.9999999999999998,1
IGKKFKRIVQRIKKFLRNL,0.9999999999999998,1
IKAQGLPQE,0.9999999999999998,1
IKHRGLPQE,0.9999999999999998,1
IKIPAFVKDTLKKVAKGVISAVAGALTQ,0.9999999999999998,1
IKIPAVVKDTLKKVAKGVLSAVAGALTQ,0.9999999999999998,1
IKKIVSKIKKLL,0.9999999999999998,1
IKKIVSKIKKLLK,0.9999999999999998,1
IKSIASKVANTVQKLKRKAKNAV,0.9999999999999998,1
IKWKAILDAVKKVI,0.9999999999999998,1
ILAWKWAWWAWRR,0.9999999999999998,1
ILGAVWNGVKSLF,0.9999999999999998,1
ILGKIWKIKKLF,0.9999999999999998,1
ILGKVWEGVKSLF,0.9999999999999998,1
ILGLVISTIGNVLGGLLKNL,0.9999999999999998,1
ILGPVISTIGNVLGGLLKNL,0.9999999999999998,1
ILGPVLGLVGNALGGLIKKI,0.9999999999999998,1
ILGPVLGLVGNALGGLIKKL,0.9999999999999998,1
ILGPVLGLVSNTLDDVLGIL,0.9999999999999998,1
ILGTILGPLKGL,0.9999999999999998,1
ILIKRK,0.9999999999999998,1
ILKWKWPWWKWRR,0.9999999999999998,1
ILPIIGKILSTIFGK,0.9999999999999998,1
ILPILSLIGGLL,0.9999999999999998,1
ILPLKLPWWPWRR,0.9999999999999998,1
ILPWKWPLLPWRR,0.9999999999999998,1
ILPWKWPLWPWRR,0.9999999999999998,1
ILPWKWPWAPARR,0.9999999999999998,1
ILPWKWPWLPYRR,0.9999999999999998,1
ILPWKWRWWKWRR,0.9999999999999998,1
INLKAIAAFAKKLL,0.9999999999999998,1
INLLKIAKGIIKSL,0.9999999999999998,1
INPKSVQSLL,0.7142857142857142,0
INWKKIASIGKEVLK,0.9999999999999998,1
INWKKMAATALKMI,0.9999999999999998,1
INWKSIFEKVKNLV,0.9999999999999998,1
INWLKAKKVAGMIL,0.9999999999999998,1
INWLKLGKKLLSAL,0.9999999999999998,1
INWLKLGKKMMSAI,0.9999999999999998,1
INWLKLGKKMMSAL,0.9999999999999998,1
INWLRLGRRILGAL,0.9999999999999998,1
INWSKIFEKVKNLV,0.9999999999999998,1
INWSSIFESVKNLV,0.9999999999999998,1
IPPFIKKVLTTVF,0.7142857142857142,0
IPWGKVKDFLVGGMKAV,0.42857142857142855,0
IRVKIRVKIRVK,0.9999999999999998,1
ISRLAGLLRKGGEKIGEKLKKIGQKIKNFFQKLVPQPEQ,0.9999999999999998,1
ITIPPIIKDTLKKFFKGGIAGVMGKSQ,0.9999999999999998,1
ITIPPIVKNTLKKFIKGAVSALMS,0.9999999999999998,1
IWRIFRRIF,0.9999999999999998,1
IWRIFRRIFRIFIRF,0.9999999999999998,1
KAKLFKKIPKFLHLWKKF,0.9999999999999998,1
KDEPQRRSARLSAKPAPPKPEPKPKKAPAKK,0.9999999999999998,1
KFAKKFKWFAKAAFKFFKK,0.9999999999999998,1
KFFKRLLKSVRRAVKKFRKKPRLIGLSTLL,0.9999999999999998,1
KFHHIFRGIVHVGKTIHRLVTG,0.9999999999999998,1
KFLGTLVNLAKKIL,0.9999999999999998,1
KFWSLLKKALRLWANVL,0.9999999999999998,1
KGRGKQGGKVRAKAKTRSS,0.7142857142857142,0
KIAGKIAKIAGKIAKIA,0.9999999999999998,1
KIAGKIAKIAGKIAKIAGKIAKIAGKIA,0.9999999999999998,1
KIAGKIAKIAKKIAK,0.9999999999999998,1
KIAGKIAKKAGKIAK,0.9999999999999998,1
KIAGKIASIAGKIAKIAGSIAKIAGKIA,0.9999999999999998,1
KIKEKLKKIGQKIQG,0.9999999999999998,1
KIKIPWGKVKDFLVGGMKAV,0.5714285714285714,0
KIKWILKYWKWS,0.9999999999999998,1
KILGKLWKGVKSIF,0.9999999999999998,1
KILRGVSKKIMRTFLRRISKDILTGKK,0.9999999999999998,1
KIRVRLSA,0.9999999999999998,1
KKAAAIAAAAAIAAWAAIAAAKKKK,0.9999999999999998,1
KKIMRTFLRRISKDILTGKK,0.9999999999999998,1
KKKIIIIIIKKK,0.9999999999999998,1
KKKKKKAAAFAAAAAFAAWAAFAAA,0.9999999999999998,1
KKKVVVVVKKK,0.9999999999999998,1
KKLALALKKPALLWKKLALALKKA,0.9999999999999998,1
KKLIKVFAKGFKKAKKLFKGIG,0.9999999999999998,1
KKRWVWIRY,0.857142857142857,1
KKSAGWVIPIGTLVK,0.2857142857142857,0
KKWLKKWLK,0.9999999999999998,1
KKWMQKVIDRFGG,0.7142857142857142,0
KKWMSLLKHILK,0.9999999999999998,1
KKWWKF,0.7142857142857142,0
KKYRYHLKPFSKK,0.9999999999999998,1
KLAGLAKKWAGLAKKLAGLAK,0.9999999999999998,1
KLFAVIKKVAAVIRRL,0.9999999999999998,1
KLKKLLKKLLKK,0.9999999999999998,1
KLLKKLLKWLK,0.9999999999999998,1
KLLKWLLKL,0.9999999999999998,1
KLLLKLKLKLLKGWKRKRFG,0.9999999999999998,1
KLLLPKLKGLLFKL,0.9999999999999998,1
KLWKLFKKIGIGAVLKVLTTGLPALKLTLK,0.9999999999999998,1
KPFKKLEKVGRNIRDGIIKAGPAVAVIGQATSIARPTGK,0.9999999999999998,1
KPPQFTWAQWFETQHINMTSQQSTNAMQVINNYQRRSKNQNTFLL,0.9999999999999998,1
KRFKKFFKKVKKSVKKRLKKIFKKPMVIGVTIPF,0.9999999999999998,1
KRFKKFFRKLKKSVKKRKKEFKKKPRVIKVSIPF,0.9999999999999998,1
KRFWQLVPLAIKIYRAWKRR,0.9999999999999998,1
KRKKRFKWW,0.9999999999999998,1
KRKKRK,0.9999999999999998,1
KRKRKILILIKRK,0.9999999999999998,1
KRLRRVWRRWR,0.9999999999999998,1
KRWWKWWRR,0.9999999999999998,1
KSDVRRWRSRY,0.9999999999999998,1
KTLTGKTITLE,0.14285714285714285,0
KVALGVAQNYLNPQQ,0.2857142857142857,0
KVYLPRYKVYSTAAGRYQLL,0.7142857142857142,0
KWFKIQLQIKKWKNKK,0.9999999999999998,1
KWKARKNFIKGSSLGWLIQLFRKR,0.9999999999999998,1
KWKFKKIGIGAVLKVLTTGLPALKLTLK,0.9999999999999998,1
KWKKFKKIGAVLKKL,0.9999999999999998,1
KWKKLLKKPLLKK,0.9999999999999998,1
KWKLFKKIEKVGQNIRDGIIKAGPAVAVVGQATQIAK,0.9999999999999998,1
KWKLFKKIGAVLKVL,0.9999999999999998,1
KWKLFKKIGIGAVLKVLTTGLPALKLTLK,0.9999999999999998,1
KWKLFKKIKFLHSAKKF,0.9999999999999998,1
KWKLWKKIEKWGQGIGAVLKWLTTWL,0.9999999999999998,1
KWKSFIKKLTSAAKKVVTTAKPLALIS,0.9999999999999998,1
KWKSFLKKLTSAAKKVLTTALKPISS,0.9999999999999998,1
KWKW,0.9999999999999998,1
KWKWWWRKI,0.9999999999999998,1
KWLKKLLKKLL,0.9999999999999998,1
KWLLKWL,0.9999999999999998,1
KWRRWVRWL,0.9999999999999998,1
LAAKLTKAATKLTAALTKLAAALT,0.9999999999999998,1
LDPKVVQSLL,0.7142857142857142,0
LFGFLIKLIPSLFGALSNIGRNRNQ,0.9999999999999998,1
LGALFRVASKVFPAVISMVK,0.9999999999999998,1
LGAWLAGKVAGTVATYAWNRYV,0.7142857142857142,0
LIKHILHRLGGGFHFHLHF,0.857142857142857,1
LKLKSIVSWAKAVL,0.9999999999999998,1
LKRIKTLL,0.9999999999999998,1
LKWLKKLLKKL,0.9999999999999998,1
LKWLKWG,0.9999999999999998,1
LLGMIPVAIKAISALSKL,0.9999999999999998,1
LLIILRRRWRRQARARSR,0.9999999999999998,1
LLKKLLKWLKK,0.9999999999999998,1
LLKWLKKLLKK,0.9999999999999998,1
LLKWLLK,0.9999999999999998,1
LLKWLLKWLLK,0.9999999999999998,1
LLPKLKGLLFKL,0.9999999999999998,1
LNWGAALKHAAK,0.9999999999999998,1
LNWGAILKHIIK,0.9999999999999998,1
LNWGAVLKHVVK,0.9999999999999998,1
LRAAHRLAIGRR,0.9999999999999998,1
LRIVKLILKWLR,0.9999999999999998,1
LRKLRKRLLLRKLRKRLL,0.9999999999999998,1
LRPHPPRPQPIYVPRNNG,0.9999999999999998,1
LRRLWLRANRL,0.9999999999999998,1
LRRWIRIRW,0.9999999999999998,1
LVKRFKKFFRKLKKS,0.9999999999999998,1
LVQRGRFGRFLKKVRRFIPKVIIAAQIGSRFG,0.857142857142857,1
MLTAEEKAAVTAFWGKVKVDEVGGEALGRL,0.9999999999999998,1
NIWKKIASIAKEVLKAL,0.9999999999999998,1
NLLNKALGTVNGLLGRS,0.9999999999999998,1
NQHGQVVKIFHH,0.2857142857142857,0
NSQIRPLPDKGLDLSIRDASIKIRGKWKARKNFIK,0.7142857142857142,0
NVWKKILGKIIKVAK,0.9999999999999998,1
PF,0.42857142857142855,0
PFWRRRIRIRR,0.9999999999999998,1
PKAMRLLRRLLRLQKKG,0.9999999999999998,1
PKLLKTFLSKWIG,0.9999999999999998,1
PKVTITIQGSARF,0.0,0
PLPFPRPGPRPIPRPLPFPRPGPRPIPRP,0.9999999999999998,1
PM,0.2857142857142857,0
PRLKVYLPRYKVYSTAAGRYQLLSRYWDAYR,0.857142857142857,1
PRPLPFPRPG,0.9999999999999998,1
PRPLPFPRPGPRPI,0.9999999999999998,1
QADFQKVVAGVANALAHRYH,0.7142857142857142,0
QKKARVRLSA,0.9999999999999998,1
QKKIRARLSA,0.9999999999999998,1
QLKVDLWGTRSGIQPEQHSSGKSDVRRWRSRY,0.857142857142857,1
RFIYMKGFGKPRFGKR,0.5714285714285714,0
RFRPPIRRPPIRPPFRPPFRPPVRPPIRPPFRPPFRPPIGPFP,0.9999999999999998,1
RFRRLRKKFRKRLKKI,0.9999999999999998,1
RFRRLRKWTRWRLKKI,0.9999999999999998,1
RFRRLRPKTRPRLKKI,0.9999999999999998,1
RGFRKHFNKLVKKVKHTISETAHVAKDTAVIAGSGAAVVAAT,0.9999999999999998,1
RGLRRLGRKIAHGVKKYGATVLRIIRIA,0.9999999999999998,1
RHRH,0.5714285714285714,0
RIKRFWPVVIRTVVAGYNLY,0.9999999999999998,1
RIRFPWPWRWPWWPPFRG,0.9999999999999998,1
RIRFPWPWRWPWWPRFRG,0.9999999999999998,1
RIVFAVLSIVNRVRQ,0.7142857142857142,0
RIWKRWWFR,0.9999999999999998,1
RKGWFKAMKSIAKFIAKEKLKEHL,0.9999999999999998,1
RKSKEKIGKEFKRIVQRIKDF,0.9999999999999998,1
RKWVAWRNR,0.9999999999999998,1
RLARIVKIRVAR,0.9999999999999998,1
RLARIVVIRVRR,0.9999999999999998,1
RLGNFFRKVKEKIGGGLKKVGQKIKDFLGNLVPRTAS,0.9999999999999998,1
RLLRKFFRKLKKSV,0.9999999999999998,1
RLLRRLLRRLLRRLLRRLLR,0.9999999999999998,1
RLPRPRPRPLPFPRPG,0.9999999999999998,1
RLRRIVVIRVFR,0.9999999999999998,1
RLWLAIKRR,0.9999999999999998,1
RLWRIVVIRVAR,0.9999999999999998,1
RLYRRLYRRLYRRLYR,0.9999999999999998,1
RLYRRRFVVGR,0.9999999999999998,1
RPKHPIKHQGLPQEVLNENLLRFFVAPFPEVFGKEK,0.857142857142857,1
RPPQFTRAQWFAIQHISLNPPRSTIAMRAINNYRWRSKNQNTFL,0.9999999999999998,1
RPPQFTRAQWFAIQHISLNPPRSTIAMRAINNYRWRSKNQNTFLR,0.9999999999999998,1
RQKDKRPYSERKNQYTGPQFLYPPERIPPQKVIK,0.9999999999999998,1
RQRRVVIWW,0.9999999999999998,1
RRARIVVIRVAR,0.9999999999999998,1
RRFWHR,0.9999999999999998,1
RRPWRWPWWPWRR,0.9999999999999998,1
RRRLLLLLRRR,0.9999999999999998,1
RRRVVVVVRRR,0.9999999999999998,1
RRRYIGRYVRFWK,0.857142857142857,1
RRWFWR,0.9999999999999998,1
RRWRIVVIRVRR,0.9999999999999998,1
RRWWWRWRRW,0.9999999999999998,1
RTHGLLKRIKTLL,0.9999999999999998,1
RVKRVWPLVIRTVIA,0.7142857142857142,0
RVMFKWA,0.14285714285714285,0
RVRRFWPLVPVAINTVAAGINLYKAIRRK,0.9999999999999998,1
RVVRQWPIGRVVRRVVRRVVRL,0.9999999999999998,1
RWKIFKKIEKMGRNIRDGIVKAGPAIEVLGSAKAI,0.9999999999999998,1
RWKRWWRLL,0.9999999999999998,1
RWRWWWRVY,0.9999999999999998,1
RWWIRIRWH,0.9999999999999998,1
RWWRKIWKW,0.9999999999999998,1
RYH,0.857142857142857,1
SGKLWWRRKK,0.9999999999999998,1
SGRGKQGGKVRAKAKTRSS,0.7142857142857142,0
SKVWRHW,0.9999999999999998,1
SKWMSLLKHILK,0.9999999999999998,1
SLFGTFAKMALKGASKLIPHLLPSRQQ,0.9999999999999998,1
SLGTPDHYHGGRHSISRGSQSTGPTHPGYNRRNAR,0.0,0
SLLSLIRKLLT,0.9999999999999998,1
SLLSLIRLLIT,0.857142857142857,1
SLSRYAKLANRLA,0.7142857142857142,0
SRWPSPGRPRPFPGRPKPIF,0.9999999999999998,1
STLALVLRLRGG,0.9999999999999998,1
STLHAVLRLRGG,0.9999999999999998,1
SVKVAKSVIPSAVFAGGKVF,0.9999999999999998,1
SWASMAKKLKEYMEKLKQRA,0.857142857142857,1
SWIKKDKFPSSTGPYNPNPPPPRF,0.5714285714285714,0
TKPTLLGLPLGAGPAAGPGKR,0.9999999999999998,1
TRKRLKKIGKVLKWI,0.9999999999999998,1
TVYQHQKAMKPWIQPKTKVIPYVRYL,0.14285714285714285,0
VALNENLLR,0.9999999999999998,1
VANENLLR,0.9999999999999998,1
VIGSILGALASGLPTLISWIKNR,0.9999999999999998,1
VIHRAGLQFPVGRVHRLLRK,0.9999999999999998,1
VKGSWSKKFEVIA,0.42857142857142855,0
VKRFKKFFRKLKKSVKK,0.9999999999999998,1
VLNENLLA,0.9999999999999998,1
VLNENLLK,0.9999999999999998,1
VLSAADKGNVKAAWGKVGGHAAEYGAE,0.9999999999999998,1
VLSAADKGNVKAAWGKVGGHAAEYGAEA,0.9999999999999998,1
VQWRIRIAVIRK,0.9999999999999998,1
VRIHISGSSLGWLIQLFRKRIESLLQKS,0.9999999999999998,1
VSAVAKVAMKKGAALLKKMGVKISPLK,0.9999999999999998,1
VWRHWRRFWHR,0.9999999999999998,1
VWRRWRRFW,0.9999999999999998,1
WFRKQLKW,0.9999999999999998,1
WGEAFSAGVHRLANGGNG,0.7142857142857142,0
WGIRDILKYGKPS,0.9999999999999998,1
WGRAFRRGVRRLARGGRR,0.9999999999999998,1
WKKVFKRLEKLFSKIWNWK,0.9999999999999998,1
WKSYVRRWRS,0.9999999999999998,1
WKSYVRRWRSRY,0.9999999999999998,1
WKWRVRVTI,0.857142857142857,1
WMQKVIDRFGG,0.2857142857142857,0
WPKRLTKAHWFEIQHIQPSPLQSNRAMSGINNYTQHSKHQNTFLH,0.9999999999999998,1
WWKRWKRIRRIFMMV,0.857142857142857,1
WWRELLKKLAFTAAGHLGSVLAAKQSGW,0.857142857142857,1
WWRWRW,0.9999999999999998,1
WWWLKKIW,0.9999999999999998,1
WWWLRRIR,0.9999999999999998,1
WWWLSRIW,0.9999999999999998,1
WWWRRRIW,0.9999999999999998,1
YLEQLLR,0.9999999999999998,1
YQWQRRMRKLGAPSIT,0.9999999999999998,1
YRLRVKWKW,0.9999999999999998,1
YSKSLPLSVLNP,0.0,0
YVLAKRKRAIFI,0.857142857142857,1
YVLFKRKRFIFI,0.857142857142857,1
YVPLPNVPQPGRRPFPTFPGQGPFNPKIKWPQGY,0.9999999999999998,1
VLLTAGGENVMFMWNVGTGEALLEISGHPD,0.42857142857142855,0
DQYPHLHNAELSKTLGKLWRLLNEG,0.9999999999999998,1
GNNSWPHNDTEIANST,0.0,0
VKPRQLFPIPLNKVDTKGSHIPQLTKEKALELLKRSTGT,0.857142857142857,1
RGAKGHHHPHPPTSGAGAAGGAEADL,0.857142857142857,1
IQQQQVRSGQFSEMEDASEGAK,0.14285714285714285,0
GGSVGNKFV,0.0,0
VQRLWEQYESDKEAYLEELKQELDLDPLEDVTLLKMRGTLMN,0.14285714285714285,0
EDLTQYTTV,0.0,0
QVYKEHTQEVYSVDWSQTRGEQLVVSGSWDQTVKVWDPTVGN,0.0,0
ASPKKKDLSLEEIQKKLEA,0.857142857142857,1
ESYVYDMRNKLSDKYQEYI,0.0,0
TSWIVIEEN,0.14285714285714285,0
SLAQMTEIVLAAAPPQAW,0.0,0
LFYPGNWPIFGPTHLPIVVEGTLLSMAD,0.42857142857142855,0
ENDLLNANYTLL,0.9999999999999998,1
SFIASSEES,0.14285714285714285,0
LVTFPPIPEKSENEKQ,0.14285714285714285,0
LDNNRKPVHLPAPQYIEYVLAWIENRLH,0.857142857142857,1
MQPQVPVQMGTPLQQQQQPMAAPAYGQP,0.0,0
KVGESRKEILEPV,0.5714285714285714,0
DFDRTSIF,0.42857142857142855,0
VYSKAEPNYNLTIRDGKVILAPADPSDEA,0.7142857142857142,0
EYNDGVLPLYHMDVYRMEDESEDLGLDEYFHG,0.14285714285714285,0
EVNALQLSFLTWVEDDTFLAISYSH,0.14285714285714285,0
SGNEESVSRVLSYIDDATQWYEDQE,0.0,0
STVITGVDIVMNHHLQETSFTKEAYKKYI,0.0,0
HVPDSLLQS,0.2857142857142857,0
EDNVSHAPVMFETDKNETFLPFGIPLPFRSPSPLVSLQAVKE,0.2857142857142857,0
NNNNNNNSSSSSS,0.0,0
GEIISVALHRKEKAVDRSYAFV,0.2857142857142857,0
KAGERHKLAKERREE,0.9999999999999998,1
LDQIGEDELELLKEK,0.2857142857142857,0
RTSSPSPTSRKSIESRESG,0.14285714285714285,0
YFTKDPNILKQILPLSD,0.14285714285714285,0
EQYDELAKPIMSKGLRSRTEQQESIGKLQDA,0.14285714285714285,0
IYNSQLNIWIRVASLNK,0.7142857142857142,0
LIQPMVVPTTPESQNNL,0.0,0
RKKKWDELQSRLA,0.857142857142857,1
AFIRSRTSYDVLP,0.14285714285714285,0
GHRSYLLPSGGSVT,0.2857142857142857,0
ELNATSDNTMVAHLGIVYTRLG,0.0,0
VADLFQVTQRVGTVVEKHFQGTSIT,0.0,0
EVRDGPSDRVVAYARTTENDAA,0.0,0
QTVAPEQQGYNPYATHGSVYAA,0.0,0
TFERFVAGLRTSLLSADGGPRD,0.14285714285714285,0
VEWVKLHRLLQRALFRQLKRWY,0.7142857142857142,0
ETYEEKPQFKDGETTDANGKTI,0.0,0
KIGEEIVITAHILKQGKTLAF,0.9999999999999998,1
KFPKKLISVLADSLKPN,0.9999999999999998,1
SFMERSHQRQKEIRNKIHVSEN,0.14285714285714285,0
NSETAAKVALMKLKMHADGDKSLPQT,0.5714285714285714,0
ASETNSGSGPVSKQVSGKLTE,0.0,0
TRVVKKSDMEKTLLLNREI,0.0,0
APLRGTKGRVLPADPFVINHPDEHL,0.0,0
TNKKHINSSATVHVFHGVVNRTFKTK,0.2857142857142857,0
HFNTSLANLVVLR,0.857142857142857,1
SSDIRQRQVTTGSETSTKQSLLLPGPIVVP,0.0,0
INPQYLVKYHKDVVENY,0.42857142857142855,0
QGPSPMAQKI,0.0,0
SKLLSPTKEISIVSVSPR,0.2857142857142857,0
LKHQYTHNKSSSHQKKHTMINPKRLV,0.0,0
AQSNRYQSSNIGS,0.0,0
QQSGGFAFYNQQSNHQYQQ,0.0,0
MAISFLQLHPRIDARRAD,0.14285714285714285,0
LSSMVSLQNELSNTNRQ,0.7142857142857142,0
AELESTLSGLNVLVETYFAD,0.42857142857142855,0
EVRATLVGGSEDV,0.14285714285714285,0
VTAWENERGNEFLY,0.14285714285714285,0
DLTPQETQGTAKS,0.0,0
GVHMINDDANELL,0.5714285714285714,0
ITPLAFALTSD,0.14285714285714285,0
RQIKAAHKAMVLK,0.857142857142857,1
YEWVVIKHPELTKPPPLMAA,0.0,0
GEEPHFVSTIRVSDNTSSDN,0.0,0
QPLRSTENSNAFQDFLAQDA,0.0,0
FLLRPRKEQGTYA,0.5714285714285714,0
RAFQLIRAWGQSQ,0.2857142857142857,0
KFKEGDKAEPATW,0.0,0
KVNRHHEEYVAPKMKPF,0.14285714285714285,0
WEPSLELTSS,0.0,0
IFLKEGLRPLEEVMQK,0.857142857142857,1
IKSHVATSKVE,0.42857142857142855,0
LVGQWQKDGLSPS,0.0,0
PAAVEVFQRPPTL,0.0,0
STQHMEAQPVESD,0.0,0
IVGIFASQEAGGA,0.2857142857142857,0
VSHSKGPGVGWEN,0.0,0
SADYYQQPWVHESAFHYLN,0.0,0
YDAFKVPGKERPGREKATE,0.2857142857142857,0
WVKEERTMLANHLEALERK,0.14285714285714285,0
STLGPKGMDKILL,0.2857142857142857,0
GEQETKNRSASE,0.0,0
GRAGRRGFDLLG,0.42857142857142855,0
LDKGVYGLLYYA,0.0,0
MHANILTERPELF,0.0,0
YDIYERMVPPRPDSL,0.14285714285714285,0
GSLGGQDSSGSLVQRAS,0.42857142857142855,0
FKMDEDHRARAFF,0.0,0
GPHFPEPLRNPED,0.14285714285714285,0
AEIAGLQIGDKIMQVNGWDMTMVTH,0.0,0
RAPFGLHR,0.2857142857142857,0
QEQDPTNLYISNLPISMDEQ,0.0,0
SAMQYQPFYQYYSVPMNV,0.0,0
TVPVVVTTATRKFRGVRQ,0.857142857142857,1
EEHSIVDPTYIEDFLLTY,0.0,0
EKEEGKEKTREESNPPVL,0.14285714285714285,0
SPNTHHENLRDTSQKRESHSTPHDYEPH,0.0,0
VAEPLRAMVLGAPLEDARH,0.14285714285714285,0
LQGIQWYIADMATKTAAARALVEF,0.5714285714285714,0
NDGANPSNQAFNYGMGRATSRDDEHMEWRRKENLGQG,0.14285714285714285,0
EEAGLKIDEEGFERAKE,0.2857142857142857,0
LPKKFIQYLEQDGI,0.14285714285714285,0
VNNLLQKHKVPTKTMIEHLIKIETA,0.5714285714285714,0
ITPNNTVDSSDWVPQFS,0.0,0
VTLVDDTLARMKKEIGELENKLSETRARQQALMLRH,0.857142857142857,1
RGESNSPYSIYDQLQFDQEHFKSPED,0.0,0
GANTDEQSASALQALHDAGWEAESDD,0.42857142857142855,0
PGLASGQLYSYPARRWRKKRRAHPPED,0.5714285714285714,0
VVNGNLIPYEGDLIITRSM,0.0,0
KLGMPQFLSAEAQSLLRMLFKRN,0.857142857142857,1
NITLKWNVPDSYEIVRKIGRGKF,0.5714285714285714,0
QDGLSYSVFKTITDQVLMGVDPR,0.0,0
DSEVAKHPPRTEFHFYE,0.0,0
DDDMPPIEAILAPLEAELKLARS,0.9999999999999998,1
QFNETNSIGESRARKLSKLRVHEFIFH,0.42857142857142855,0
EYKKKYLQTIITAYASQNPQNLSAALKLI,0.5714285714285714,0
DEFVDLPSAGSQIN,0.2857142857142857,0
DLNIEDVDYYEKLQNFKI,0.0,0
FLDDDTFQKFQEVVGY,0.0,0
ELQYMGDESSANSSSDPESNPTS,0.0,0
QMKKKVEMQGESAGEQVRKKGMRGWQQKQQQKDKAATQASKQ,0.857142857142857,1
SKQYGLKMKTSRAFFSEV,0.0,0
DIKLLESLKVDVLFAPNAH,0.42857142857142855,0
QRLRALEDLLVS,0.42857142857142855,0
VGKMIGQATAAD,0.0,0
EGVKDGRRFMEV,0.0,0
GGSELSVDNENRKEYVLRY,0.14285714285714285,0
VFKILDLEDLERT,0.9999999999999998,1
GSKVGDFGDAINWPTP,0.14285714285714285,0
RNKNATAITG,0.0,0
KDVEITIPFFEDIFGS,0.0,0
LKQLLHNINSNNEALSELGRW,0.7142857142857142,0
IQAKTEQQNSFDFLKDITTLL,0.857142857142857,1
VDRRIVVTGSWDGTIKLWLGNLPNS,0.5714285714285714,0
DLKERTRVTNTEQLVFIAALNI,0.0,0
WKSSRNENKSVHGMTIDDIMDEEDRADQELSKVY,0.0,0
SVVPFATLEELDGYAQIVRVVGAHF,0.5714285714285714,0
KKIEIIEYTPTVTSLGHTEPGGEATPSKEGEKQGLRKVK,0.2857142857142857,0
ATNKNNNNYNYNYNNNNSSTQRN,0.0,0
RMQTKALSNGAAVGIAGHLVLVE,0.5714285714285714,0
YAVRIMDIFFMNGSITLFQVA,0.0,0
LHLAGLRRFDAAQVGPQIPRAA,0.14285714285714285,0
FELRRIAFDAESDPSNAP,0.0,0
FDATRGWLLTSGTDKVIK,0.42857142857142855,0
APYLYNATGP,0.0,0
DSATLLEKMK,0.5714285714285714,0
LLKGGDMTAG,0.2857142857142857,0
LKTGKDLGPA,0.5714285714285714,0
MDFINQKQRD,0.14285714285714285,0
YLVVAAQAKALPSPAATIWDYIHKT,0.7142857142857142,0
DDEDSNVHRQESRASNTSPNVS,0.0,0
DLRDGHNLISLLEVLSGIKLPREK,0.9999999999999998,1
GLNPKTKYILLMDIV,0.857142857142857,1
KKKYDTESNQETGIR,0.0,0
VMRNQPTLFISTNSGASAASRNMSGQVSMGPAFIHHHPPK,0.0,0
FAKFLSKQLELAHLEHSLKIGVV,0.7142857142857142,0
LQEQRKVALDELELDRNDLKKVL,0.9999999999999998,1
IIAGHKAALSNPHVSEEAKERA,0.42857142857142855,0
NPFGEVTDSLLFTWEELTSENNL,0.857142857142857,1
EPAEVGAEEPAQPEPGAGPEELEAEAGAEELEQ,0.2857142857142857,0
SLRFSTPPGELDGGISGRSGTGSGG,0.42857142857142855,0
LLKKAKGNTEEDGVPSTSPME,0.0,0
EDVIRRHYVGELYSYGADLLGE,0.7142857142857142,0
TLIKNFHQYS,0.0,0
DVTFLRLLIDLL,0.5714285714285714,0
TPLGFYTKNDEAVLSTIQNNFGEKFFEYMII,0.14285714285714285,0
LPSKNLFFNMNNRQHVDQRRQGLEDFLRKVLQN,0.9999999999999998,1
ELFSIGPSASVI,0.857142857142857,1
RQVKQTVVGIGS,0.0,0
EEFVDSGDIRSV,0.0,0
SEVAGAGAASVMSALTDKAIVKKELLY,0.7142857142857142,0
GILSAHKIIASSPEMNLP,0.857142857142857,1
SDFSDLNLPTKVGHLSHPNN,0.857142857142857,1
QSEAALISTRGTRFLLLRETAHPA,0.5714285714285714,0
NFLVSMVKRFSEKLGTASGSKAEF,0.5714285714285714,0
KLADFGLARLFGSPNRRFTHQVFATWYRAPELLF,0.7142857142857142,0
RRQKQINYGKNTIAYDRYI,0.0,0
KSALRSALEKKNRKSKSKPK,0.9999999999999998,1
DRIYDLNIPAFVK,0.14285714285714285,0
VDPVYETLRYGTSL,0.2857142857142857,0
DFDEEEEDEFEDASDRRNL,0.0,0
VQEPLMNATTMSGNAGNNTGSNPFA,0.14285714285714285,0
GRRKLTFDEEAYKNVNQEVVDFEKLDD,0.9999999999999998,1
AKLGESSLSPSLDSLFFGPSASQV,0.42857142857142855,0
GTAAISKVAGKPGETDD,0.42857142857142855,0
VREKILTLLDTWQEAFGGR,0.0,0
DLHSGIFGGVVAEPMI,0.0,0
NPYDDDTYSHDSGETSNP,0.0,0
PDYDEDDDDDSDEPGSRGRYLGSAL,0.0,0
FATSKHSRPSSSSEDKPETKQRSSK,0.14285714285714285,0
QLIVKDTRLAFGELAAWVRQQVPAR,0.14285714285714285,0
ARRGARAATSAQQQQQQQQRYQQQQ,0.14285714285714285,0
SAPSVWGLEPDQNGARSLFKRGPLL,0.5714285714285714,0
RRNPHEVQPAYAT,0.2857142857142857,0
NKPINQVTLTSLDIPFAMFAPKN,0.42857142857142855,0
PTQVWASGGGPEVAGE,0.0,0
PFDPDSQTKQKKSVTKTVQQAPNPTIIPSSPVIQGDNPDEPQS,0.7142857142857142,0
AEFLFRTETQSEKLRWISALAMPRE,0.14285714285714285,0
DKKRLANTQRPTHIHESFGQWAITQ,0.42857142857142855,0
IRELINYGRLDQVMLDPYGNYVIQAALKQS,0.0,0
LNMIAPGTLLVADNIITPGAPEYHK,0.0,0
KPTYNNPQQQQQQQQQQQAQNNLFNKENITPLNSPTKSIL,0.14285714285714285,0
LISTSSWRDGQKLVKKILGPAPRM,0.9999999999999998,1
LLSPMNLLSLHTASGLRLFSVLSLAWGFIADVDLESE,0.5714285714285714,0
SVRKESVPLLVTPQGPKPLESPKYDHTN,0.5714285714285714,0
SLGSSVESGRQLGELMLPSQ,0.42857142857142855,0
MFVSKFFGG,0.42857142857142855,0
PSNVDISAEAKDLISSLLTHDPSIRPSI,0.2857142857142857,0
FVGELNDKMRGFYRSQYKDKNGTEK,0.14285714285714285,0
KNVPEAFKGTKKGTVYLTP,0.0,0
VYSTVKGTK,0.0,0
WLPPSNLIP,0.0,0
PVISTPLMPGSQGNYSIISPLLTHRPLR,0.14285714285714285,0
GYASRTPSTSDASLQPGVIRDYSSVIVP,0.5714285714285714,0
RELLLSGKKLKG,0.9999999999999998,1
ARILLDQGQTHSV,0.14285714285714285,0
LKTPLGGQKRSFSHLLPSPEPSP,0.0,0
TTGGRSEAEVMSIY,0.0,0
LGVEVALRSVVDA,0.14285714285714285,0
AQVFDLMNGGPHL,0.0,0
IDIYDIPVAKIT,0.14285714285714285,0
LKGLGKEATLLMQ,0.7142857142857142,0
EINGVEFSVAHAADVTVDDL,0.2857142857142857,0
TDVAAIKEVETRAIGGDIES,0.7142857142857142,0
DFGVSDADIQELFAEFGTLK,0.14285714285714285,0
ISTPRKKLTESPIKLLSRNN,0.857142857142857,1
FEYEGNFIQKFQRELSTKWV,0.2857142857142857,0
NQNQSHGPSRLD,0.0,0
QAVAFS,0.14285714285714285,0
TTFSRGFLQALGH,0.0,0
TQLTITTKVHSLLEG,0.14285714285714285,0
DNRWKYGNITFI,0.0,0
FVPRTMRPPAEMM,0.0,0
RGGYRGGFRGRGN,0.7142857142857142,0
LKQYPISTKRVVP,0.2857142857142857,0
SEEEKDPVGKQKL,0.0,0
DPTNEARPNSRGK,0.0,0
PSNFSGISQLYVT,0.14285714285714285,0
DMRTGVEFTEHLLT,0.14285714285714285,0
LTQNSQSVLSHLMT,0.2857142857142857,0
DSTLAVQQYI,0.0,0
AEMEKLIKKHQAAME,0.0,0
LLDPSPHMYEDAQL,0.14285714285714285,0
PEVDSIKKPIPDSH,0.2857142857142857,0
PNAEQWLGHVVRST,0.0,0
NVESVIFYFSDLKT,0.2857142857142857,0
GALVSLLNYTADSL,0.2857142857142857,0
PSEGPAKVEEEAAP,0.14285714285714285,0
FLNIWDLRTGKYPV,0.2857142857142857,0
RANDFPYNFEPGVV,0.14285714285714285,0
KVSPSSGSFVASDY,0.14285714285714285,0
KTKIKHSMKPPRI,0.2857142857142857,0
EKSLLIWIIGQKFPKSM,0.42857142857142855,0
TESKNVKAELDL,0.2857142857142857,0
KSKFPSHQTSSSQADLLVSFSTSPGFLSFRDETKGTWYI,0.42857142857142855,0
ALDVDGEELRSPWTYSFDELRALMSEI,0.0,0
FTAWAHAVARYKLIDHWRRRKIRQ,0.7142857142857142,0
PPSRGQFPS,0.0,0
LTDRDIIVLQRGGTG,0.2857142857142857,0
PQAEQLSLHYQPEWPALA,0.14285714285714285,0
PRVPASETSPGPPPMGPPPPSSKAPRSPPVG,0.9999999999999998,1
KKLNQILTEGSDTQFDKEL,0.0,0
KIRIIAPPKRKYSVWVGGSILASLSTFQQM,0.5714285714285714,0
FLRGIKVADSSVLMLSLDFSDS,0.9999999999999998,1
QLTASLAVAEASLR,0.42857142857142855,0
YKDLIGLNSDELTEFMP,0.0,0
IQTLDGEIDLKLLTKVLAP,0.857142857142857,1
KKTELEAKVNELDERIG,0.14285714285714285,0
FTDIIGNVLNMELQRQLLPRVNANMDQL,0.14285714285714285,0
EAQSEGHPFITSRSS,0.0,0
REDEPASLFLEIAQW,0.0,0
EEEEDEDLFDIEDGIIYTQDFTVPGQVL,0.0,0
KPGSLIPAQQFGQSP,0.0,0
GIVQTAAQAGFEVVVRDIKQ,0.42857142857142855,0
VVFTITSDLGEV,0.2857142857142857,0
NLGNLTPLEQTPLA,0.14285714285714285,0
ALKAELGPRLKGKPQERQRQWIQISDA,0.5714285714285714,0
PLNKEFFE,0.14285714285714285,0
PSMVAAGSVVAAVQGLNLRSPNNFL,0.5714285714285714,0
FSPAAAPAARTKPKAPPRSG,0.7142857142857142,0
SASALPSIHSPL,0.7142857142857142,0
SSPDEAEKSKRERPGTSVKKAIGIV,0.5714285714285714,0
LGSVDISTEKN,0.0,0
LVTGPDGKGMNPPSYYTQPAPIPN,0.5714285714285714,0
VHTLALEFVNGGKVVKNVLLLD,0.5714285714285714,0
NLKLKEFFS,0.2857142857142857,0
LLDTPRTRDRSPSPL,0.0,0
QKAGLLQPP,0.42857142857142855,0
MKDSQPSLEKPVS,0.2857142857142857,0
GFILLKLPFPLT,0.9999999999999998,1
RKNREE,0.857142857142857,1
AVEVSGGPAVPFH,0.0,0
GGIYPNTRLPTSHMPSHLGTY,0.14285714285714285,0
LNGGLPAWIADAQALD,0.42857142857142855,0
HNKSLAAGVWEY,0.0,0
LHISPSNMTNQ,0.0,0
VSKGHLEAD,0.0,0
NFREQTFSVAVDLQSSGEDL,0.2857142857142857,0
RVILSHPASLPPRT,0.2857142857142857,0
LYTPIYARSTLKRRHVRAPVSLDAVDGIEL,0.0,0
EGMKLFKEDWQLSQFWYSDDTAAILADAILEGADENTVI,0.14285714285714285,0
DMESMDFDIFWTDNAVQPEQLGRMQPYQKINHFPGMFSLARKNHL,0.0,0
GSSQTNMNEVKTTSDTIPRQQLLQHNKSISDSKK,0.7142857142857142,0
IQAVNALDEKSKLERVLQDLQLDQENQQDLLKAQ,0.42857142857142855,0
KVLSAVEDRMDELGAGIAQS,0.14285714285714285,0
YVRGRPGTG,0.14285714285714285,0
HGLFSL,0.0,0
EQEAALKQLRKNL,0.7142857142857142,0
WQDVYDKKLVP,0.42857142857142855,0
EDITIPRKH,0.2857142857142857,0
NFKEVIWAYVT,0.14285714285714285,0
PSPVYGFNQKP,0.14285714285714285,0
KALIKDDELNKKLWD,0.9999999999999998,1
ETMNDQEESPIAETLENLND,0.0,0
KLSSESVIEQIVKYAR,0.7142857142857142,0
NNIINKTTFKTPRNLYSSTGRLTT,0.14285714285714285,0
GGPGAPPPPPPPPGLGGAPKKEDPQADL,0.857142857142857,1
PTYSPAGNLELAPSL,0.0,0
PSDKSSKEKVKPR,0.2857142857142857,0
SFIQQDTLLAKKVIEKDDTVDELYHQLERELMTYVLE,0.5714285714285714,0
VSSQGSVASSTGSPA,0.0,0
KTKVETNIEIRILMAHAIRMHVSHLSKIY,0.0,0
VVLFAWMQFLKEETLAY,0.42857142857142855,0
LHDYMQNIHGKEIDLLRTTVKVPGKR,0.0,0
AGFSLDWKGNSFKPETMFAATDLYTAE,0.0,0
IELDEVQYEVLARELWWGEPLSADFS,0.0,0
NLLL,0.7142857142857142,0
HHHQQRPQH,0.857142857142857,1
GSKLVAFQQFS,0.0,0
SIYNIAT,0.0,0
SLESLFLLV,0.42857142857142855,0
SFSQLGGLEKDGSFGEGLTMKKQS,0.857142857142857,1
TLVLQPHVPT,0.0,0
SPYERLSQRMLDISGDRGVLKDIIR,0.2857142857142857,0
SGGTDGQDGPTEAAGAWVTP,0.0,0
YEHEQHISESINNIVDHAIKGK,0.14285714285714285,0
TIFSRNEYKNEFPHDQVLS,0.0,0
QKVHISSTMHRTFG,0.0,0
LFPSLQAR,0.14285714285714285,0
MTSGIRRNWIQ,0.0,0
DYEPSGQ,0.0,0
PSKVLRRLENATSKPILI,0.857142857142857,1
QSFTNLTFPEPISDDSDS,0.0,0
TSLSMIEYDRH,0.14285714285714285,0
RSRPPLNPVSA,0.42857142857142855,0
VRGSVGL,0.0,0
KERTNVANFPG,0.14285714285714285,0
WVQIVDAIASKN,0.14285714285714285,0
FMAVADDTPVTL,0.14285714285714285,0
VASYSQHLNREV,0.0,0
HSKLQALGKIES,0.14285714285714285,0
RKSIEKELEWVR,0.857142857142857,1
FKLENERLKASF,0.5714285714285714,0
VLSMKPPEALAMSLDYDP,0.14285714285714285,0
APIKGGQFDYVEFTRMLK,0.0,0
QISSMAKAMSR,0.0,0
NEKLEKLLR,0.9999999999999998,1
NHLYSDLSDALVIFQ,0.0,0
VHETSYSAQFKGEASKPTTADNKVVDRRRIRS,0.0,0
LRDVSQNTNLLPVSPQEVDIFDSQNGSNNI,0.0,0
REYDTQLRAFRTYEREQ,0.2857142857142857,0
AESALLEGIENGLEVAK,0.42857142857142855,0
ERVRNRQNRLQN,0.14285714285714285,0
IQTRSYENEEGVNVYVTEVLADTVRFMDPKPREKA,0.2857142857142857,0
PVWNETFVFNLKPGD,0.0,0
IY,0.2857142857142857,0
QVLKHNGSSEI,0.0,0
RQLPGILSVNVAESLVS,0.9999999999999998,1
HSLEHVRVVFVDY,0.0,0
NIAVKRKIGGYWN,0.2857142857142857,0
LPEDRLPAYLNFIKNSLIPKIEPAEPTYS,0.42857142857142855,0
AL,0.14285714285714285,0
ILGRGLQEYQLPYQRVLPLPIFTPAKMGATK,0.42857142857142855,0
DLKYAVENSD,0.14285714285714285,0
QPALATFAMPDVPP,0.0,0
ARNMGGHTEPSHSVPREFQL,0.0,0
DPTAALLEEW,0.14285714285714285,0
VVNKDVFRDP,0.2857142857142857,0
SEDSDSSVSSGNEDSGSDSEQDELKDSPSETV,0.0,0
PAVLTVAAELGNNALP,0.2857142857142857,0
DSPHASTLMLDGSGTPSPYMEVSPPGMHDFNQDAGSLPNLQNV,0.14285714285714285,0
PARWSEPWVPVEALPP,0.14285714285714285,0
VPNKIYAVDDIPYTSS,0.0,0
TKKTEELRKTVEDLDG,0.42857142857142855,0
LSSLQGYDTADEIVQAKAFTSPRVIPGIGSRFYAQPEEEFQT,0.5714285714285714,0
AHRLSAEERDQLLPNLRAVGWNELEGRD,0.7142857142857142,0
LQAK,0.2857142857142857,0
TLESMAGEVTRVVDEQLKDL,0.0,0
MVEEIKVALPLDEEDGFV,0.0,0
LDRIIELNGQKPPLTYKR,0.0,0
LENFYKTSAIAHKTL,0.857142857142857,1
NYNRRNNNN,0.0,0
KMLPTYVRSTPEGSEVGDFLSLDL,0.5714285714285714,0
ASGAAEDSDSDNDGMDLDNDP,0.2857142857142857,0
LDTALLQAL,0.2857142857142857,0
SKTLEDTLKLDA,0.857142857142857,1
ISGDFEFLKQPA,0.0,0
RKEIENVTNITGVRQIELWRRDDLQHPRLDEVAEEVP,0.2857142857142857,0
PRQQAVFMNANIRE,0.14285714285714285,0
LAMATEMLQQRSDRRGDTES,0.14285714285714285,0
SQKLENIKMDLSYSLE,0.857142857142857,1
IAKPLPPVTSVA,0.14285714285714285,0
QFNGELPNG,0.0,0
RNDLAGYLDGLI,0.0,0
KLQEIYHHSSESLRTR,0.0,0
AGSKALILNTL,0.0,0
QGEANGLDEVKVESQREAGGKEDAEAELKKEDGEKE,0.857142857142857,1
GDEDADVSVLQLQAEIENLALEEQALDNQIRQTEERLRDLSENE,0.2857142857142857,0
HGGYVAKNIFYMGYSNVIWFKGIRIGSLSGIWKEWDFNKQRPDWN,0.2857142857142857,0
GDLQSPLTPESINGTDDERTPDVTQNSEPRAEPT,0.42857142857142855,0
QALVDAGDK,0.14285714285714285,0
SSPQRVTSTQQQ,0.0,0
GNLNTQ,0.2857142857142857,0
SGVDEESSLKIEK,0.857142857142857,1
APKKYDPVTRY,0.7142857142857142,0
PANAKWLKEGQ,0.14285714285714285,0
TMFLPQQFIFDSN,0.2857142857142857,0
FQIEEK,0.14285714285714285,0
VKMSTGAGDSAV,0.0,0
KPTEAYGAMS,0.0,0
LLKKLLEVADPMQ,0.857142857142857,1
SPAFPLAPVTPTEVS,0.0,0
QEVSELQ,0.0,0
TYMFKYDSVHGQWKHHELKVKDDKTLLFG,0.7142857142857142,0
RLKDIMDWRKGTSGKKPTGVET,0.14285714285714285,0
ASLKDTLNSARAAKMEEYKDLASKLHGEWNLSHPE,0.5714285714285714,0
GKLAPENTL,0.42857142857142855,0
HDENILLKQ,0.2857142857142857,0
LPYQMLLHA,0.7142857142857142,0
FEPMPRNSS,0.0,0
LHI,0.42857142857142855,0
WPTVGDATIE,0.0,0
TEAERETPSAINGNPSWHL,0.0,0
AHDTVSL,0.14285714285714285,0
DGLVKATTNSMQ,0.0,0
TGDAIGFAHYLNHLTSWHVEEVVYMND,0.14285714285714285,0
LKEIEPNLFADEDSPVHGDILEFHGPEGTGKTEML,0.14285714285714285,0
TNSKYDVRSDV,0.7142857142857142,0
VQQKIKSATIH,0.42857142857142855,0
QRKMASSEGSTES,0.14285714285714285,0
AVDNQVYVATASPARDDKAS,0.0,0
LGDPKFVDVTEV,0.0,0
RKRKKRKNKYKI,0.9999999999999998,1
DEQAKQIMEEAQKMAEVKVR,0.42857142857142855,0
LIWFLGHSYKIEDSQWPEKF,0.2857142857142857,0
SPPSYSTLYPSSDPKPPHLKGQVV,0.42857142857142855,0
SDSEQLANISVEELDEIREAF,0.42857142857142855,0
KETSSQVPSSAITET,0.0,0
LTENELVYLRAQFMLLGPNKDGSVSL,0.14285714285714285,0
NVVLHGDSD,0.0,0
PKGAMAFW,0.14285714285714285,0
SRSSSILLSDVQQVAEDTTPFSP,0.0,0
YVEIERARLTKMLAKIKEEQ,0.857142857142857,1
DRVELPILPTTVL,0.2857142857142857,0
KQAEDYDLFVGRTRSNS,0.14285714285714285,0
KTKLPELQ,0.5714285714285714,0
NPVFFDGF,0.14285714285714285,0
DGGYTRESVVIREFWEIVHSFTDEQKR,0.0,0
GLQGRLAKSSDHVEKSPQSLLQDMLATV,0.42857142857142855,0
TKLGESNVDDGM,0.2857142857142857,0
QPQSLERHKEQLLAAEPVRAKLDRQRRV,0.5714285714285714,0
QFPRNDGDPQALWIFGYGSLVWRPDFA,0.2857142857142857,0
SWRKKILPESF,0.0,0
SRPENPGPL,0.14285714285714285,0
AEAFINGI,0.0,0
ETGVYKNLLQEIAQRVGA,0.14285714285714285,0
PETAEMEPPPEPQ,0.14285714285714285,0
EEKEGVISYTVDLDDAKP,0.14285714285714285,0
SPPFTQPGGMSPGIWPAPR,0.5714285714285714,0
LPELQQNPLV,0.14285714285714285,0
AFMYQKDSDPEF,0.0,0
VTLSVIVSP,0.14285714285714285,0
PQSATANSRSS,0.0,0
ATPGSTRSSSRNLELPKNYRSFGGSSDELASMYSADSQYLMDMIP,0.0,0
ATPGEKAGAGRSAVG,0.0,0
DALLKNQRRAQRLLEEIHAMKELKPDVV,0.857142857142857,1
VLEELQ,0.7142857142857142,0
TDGKDYHT,0.14285714285714285,0
TDSSSSKK,0.0,0
RLEEQRAT,0.7142857142857142,0
SKIGHLRD,0.2857142857142857,0
YNVTARS,0.0,0
LPSVLDPAKVQSLVDT,0.5714285714285714,0
FQNLNNTLQ,0.14285714285714285,0
PNTLQTRSVTAS,0.0,0
SQSAAHSNDSPP,0.0,0
TSKNVFQLKLEE,0.0,0
QRGGQSVIIARQQDAITHVTPWLEAEKSEKLLPV,0.5714285714285714,0
